<?xml version="1.0" encoding="UTF-8"?>
<project-private xmlns="http://www.netbeans.org/ns/project-private/1">
    <editor-bookmarks xmlns="http://www.netbeans.org/ns/editor-bookmarks/2" lastBookmarkId="0"/>
    <open-files xmlns="http://www.netbeans.org/ns/projectui-open-files/2">
        <group>
            <file>file:/C:/Users/asus/Documents/NetBeansProjects/TugasMVC_AryamuktiSatria/src/View/Dosen/EditData.java</file>
            <file>file:/C:/Users/asus/Documents/NetBeansProjects/TugasMVC_AryamuktiSatria/src/View/Dosen/ViewData.java</file>
            <file>file:/C:/Users/asus/Documents/NetBeansProjects/TugasMVC_AryamuktiSatria/src/Model/Dosen/InterfaceDAODosen.java</file>
            <file>file:/C:/Users/asus/Documents/NetBeansProjects/TugasMVC_AryamuktiSatria/src/Model/Connector.java</file>
            <file>file:/C:/Users/asus/Documents/NetBeansProjects/TugasMVC_AryamuktiSatria/src/View/Dosen/InputData.java</file>
            <file>file:/C:/Users/asus/Documents/NetBeansProjects/TugasMVC_AryamuktiSatria/src/Model/Dosen/ModelDosen.java</file>
            <file>file:/C:/Users/asus/Documents/NetBeansProjects/TugasMVC_AryamuktiSatria/src/Model/Dosen/ModelTable.java</file>
            <file>file:/C:/Users/asus/Documents/NetBeansProjects/TugasMVC_AryamuktiSatria/src/Model/Dosen/DAODosen.java</file>
            <file>file:/C:/Users/asus/Documents/NetBeansProjects/TugasMVC_AryamuktiSatria/src/Controller/ControllerDosen.java</file>
            <file>file:/C:/Users/asus/Documents/NetBeansProjects/TugasMVC_AryamuktiSatria/src/Main/Main.java</file>
        </group>
    </open-files>
</project-private>
